path,sha256,source,last_updated
agents/pde-analyst.md,1e3020d3354a7da92b10c9c8013f7bc2c5aeac29c2fd5e3a54e0f64491fb63ab,stock,2026-03-30
agents/pde-design-quality-evaluator.md,c8d253e0fb98febac95050a53ef2507133b378f8928fcd794823e214a74b6c87,stock,2026-03-30
agents/pde-experiment-runner-sonnet.md,bb8fa79072d8286a0432f9bdb9a907a8505882b7b21a35878d899bf7bc7f0157,stock,2026-03-30
agents/pde-experiment-runner.md,f72000312dd67c41fcf0a263ec5ec3cfbc2f9ba333681d542863925386ea9bec,stock,2026-03-30
agents/pde-phase-researcher.md,32748f9a9365de8f4bca9e5546379ae4f376b1b8e37f5af1458e81f7bfb5371d,stock,2026-03-30
agents/pde-plan-checker.md,20566ef54e4532410d1f1149f5a222ff9572e4148fdff8a962c971d5dbb1520b,stock,2026-03-30
agents/pde-pressure-test-evaluator.md,201be8d4d40edacef50cf07fcd601b6b0d24b6ca75f4955200fe6e4d9f8cdf9c,stock,2026-03-30
agents/pde-quality-auditor.md,4f254a04a4a9fa4592a9a638518706a66d34c58fafff07ad0d0e3a53723137e7,stock,2026-03-30
agents/pde-research-validator.md,daf50bbeada9bdaa6d32734cdc0aaf803551421b276d0eb11c6f3e8e27070a32,stock,2026-03-30
agents/pde-skill-builder.md,3c56a7bd169d61ad413ee2ba6ad18af657b4a34f30e9b0e9b1d48fca647c1cb8,stock,2026-03-30
agents/pde-skill-improver.md,c34c36df41028649c5dea2a405095aeb3037ab6fd478fcac8b1f2b126e278fe4,stock,2026-03-30
agents/pde-skill-validator.md,67cbe1c3b98b563b74f837aea12777c549ef69becc70407e1c2b690ba534f662,stock,2026-03-30
bin/lib/app-cli-wrap.cjs,f30273bee8ec0575662c336dd2d2b83930e3ca7105e031b89066982f48fe6e8c,stock,2026-03-30
bin/lib/app-discovery.cjs,5dcf405d1700e60a72ea6dfbd92dffd44471e1218ec1c9596932a89f7078c36c,stock,2026-03-30
bin/lib/app-registry.cjs,997d5954cb54db44a0ff22121a8bb32eb081a8c38940d14da4512eb2db71dbe1,stock,2026-03-30
bin/lib/artifact-format.cjs,5fe8224cd81cbb0be189014d0e098828ebb9e214ee95976da8b5d70df97c17a2,stock,2026-03-30
bin/lib/charts.cjs,e92cbd482cf3283227695fe9266debe2a3b61eabe30be10efe2a61bc75e68024,stock,2026-03-30
bin/lib/commands.cjs,580de1d440af40d73b1702b774da879b8de0ba3b24723cfa1aa9b25c72776c95,stock,2026-03-30
bin/lib/config.cjs,1f43ffe327f16807e140edbe832ac79bc71bc9c2d3a87a678edb97bd58787ea8,stock,2026-03-30
bin/lib/context-sync.cjs,43802bf97f677e4d286a5dae154eeb6b27156b3915d3c44ecd6248cc541c63d2,stock,2026-03-30
bin/lib/core.cjs,149bb76c4ef55719bf8dad76060d2772228e7ad4c1661ca7087a31478d5998e6,stock,2026-03-30
bin/lib/design.cjs,eeccc505b8e10ebb48d13fb93fb58d3d20cf1ec7c38c14af2e84bf5421743fc7,stock,2026-03-30
bin/lib/divergence.cjs,69f6145d83a23938951a2fe233380535c0e8c9e1d3d40e7e387db9fa4a785852,stock,2026-03-30
bin/lib/event-bus.cjs,833e7bcfa69035a87e81e29a40298dacfaa19cc392fa0397e5b3891c1cccec3a,stock,2026-03-30
bin/lib/experiment-report.cjs,0a37c28ad0c5c06e0ac8d8267c2f86ae4042a7c218cc957236a71145eb7e89d1,stock,2026-03-30
bin/lib/experiment-runner.cjs,c396f31fe8b2dbb9e39fc70ab30cbfaf9c4b29f14b17b440e2b83cf1d972a37c,stock,2026-03-30
bin/lib/experiment-schema.cjs,c7ece50d38d743725018dea99a5dbad2f0cb23f42933539240adef4fd4d3d5e6,stock,2026-03-30
bin/lib/experiment.cjs,8e663b2f949a2a0448da8e05937cfdcc4843afd600037030403ca11794508497,stock,2026-03-30
bin/lib/export-pdf.cjs,67d750654f4d583af769c9d0741829b2bb10dcbd8b2abe71cc928969cd30e6e0,stock,2026-03-30
bin/lib/frontmatter.cjs,517cc733f4f71c41602270aceb668ae098b4224a39c27ced2f68527d127c57c3,stock,2026-03-30
bin/lib/idle-suggestions.cjs,8cab3f2c27781bed89906f001860dc86cfe75e26aba640bb9a3c91fc0cf117b0,stock,2026-03-30
bin/lib/init.cjs,7059bfe3587308fe4c40e770662560a770c2d767a93631f95fbe3ff2d64180df,stock,2026-03-30
bin/lib/manifest.cjs,6b17db5dbf54735037af1cb81b6816131f823511727afa05a97db688246b14c6,stock,2026-03-30
bin/lib/mcp-bridge.cjs,7612451b9a5dc2a0fa6cf4e3428f7aec88b2f94cdf364cfe95ca17bb6f6e09a8,stock,2026-03-30
bin/lib/memory.cjs,f1bc703b14254a3567e0372fca095c859b90d131014e3b5673f1406eac575323,stock,2026-03-30
bin/lib/milestone.cjs,2ddbb1f5b53fa710d07054bc16a115c772650c38e6e19e5f69b4ece2e6569e54,stock,2026-03-30
bin/lib/model-profiles.cjs,4af04c9f5a63de3d650eec61c2c65364179a697bc5643f62bcf9fce2c02e3e66,stock,2026-03-30
bin/lib/phase.cjs,1396bd24f7f80edab7393c966cd91424c6e2804ba7e64a4dd064dd6ffdf7bf17,stock,2026-03-30
bin/lib/presentation.cjs,bbf405e07138deea927b5db6c79f25464add7bab695eacbfb6f04f2bae71bee3,stock,2026-03-30
bin/lib/readiness.cjs,d3d7efbc20a14cc3cae59c5843214cb06b4515751a7d57f61183c1f9d5cb942c,stock,2026-03-30
bin/lib/reconciliation.cjs,fdf8e44e461d068f63d50af44defa44ea8cb89da5dba910965c44f9861204525,stock,2026-03-30
bin/lib/relay-protocol.cjs,c6f8c0206af25a2eb21f75eeefc55462f86b0f315a17db4a813a449a3ce976ec,stock,2026-03-30
bin/lib/relay.cjs,a19d250f3292295f9e88969c546622dc0ea7da287cdc988e25700ba1287f25b1,stock,2026-03-30
bin/lib/render-presentation.cjs,cb9402a15fd672f1372b74efcac23814ca00631f8b72e5f103303f119a6c93de,stock,2026-03-30
bin/lib/roadmap.cjs,0f722cbd11ecec34b431299a8e45ff35cce7bb27945620314b6d602a34e1cad7,stock,2026-03-30
bin/lib/session-artifacts.cjs,d4c091c80c034f985a52bbd278c96141c610c906e720720386b25a31688908da,stock,2026-03-30
bin/lib/sharding.cjs,2e4e5d4cc73f1e6d1edcaf179a9bef9e62e7e83d17fa7869ffe119a0cd972583,stock,2026-03-30
bin/lib/state.cjs,dfc9a73891b4a6c38893269a512908aeccf2b1e8f42cdce2cd6d059fe3a76fa7,stock,2026-03-30
bin/lib/strategy-weights.cjs,c136c367102ae119883cd86a2d0aa410964b3d93e656023ddc73a8ed12eaaa42,stock,2026-03-30
bin/lib/template.cjs,c5caa1a9a98893101df99fe84a30862734281fd525ee5a0b5b1084a49387c3f3,stock,2026-03-30
bin/lib/tmux-cycle-session.cjs,3fa251f5f692a6402dc2634ba31bb4e361b47f538b8395fe902c1ff7f03c7567,stock,2026-03-30
bin/lib/tracking.cjs,a936eea2ef1afeb4a8d55dac1e062633efe3188acf78ec362d57cdc83ece4933,stock,2026-03-30
bin/lib/validate-skill.cjs,b328ab9d832af78b0e85553f61221077b8a162b541c8e4f879916bdc8081d6de,stock,2026-03-30
bin/lib/verify-presentation.cjs,e94ca9307da07fe3062907ad2aa46e5106cc5b00ad8348ec4f0b63eaac99de78,stock,2026-03-30
bin/lib/verify.cjs,27a0d7272349e9aa315b5b23ba8965bf5c51a13d76c6898f21dc6075e3c557f4,stock,2026-03-30
bin/lib/visual-regression.cjs,8581a7686344a3387d265996301ccf0c771ddde9d325fa89904c05457521fd40,stock,2026-03-30
bin/pde-tools.cjs,7fa5132f134b2539dc3eaa4621ccd8f1ac8a014e66950a4aa339865e2a60d920,stock,2026-03-30
protected-files.json,aa079554b5aad9aeb723f95ecd7a2ee5ebd5565f57e21cab23a36a4b6703e86a,stock,2026-03-30
references/android-m3.md,4c7424f763ac771d94a96f69f0fd746e29467ff7d6f141955787add066b32d66,stock,2026-03-30
references/app-integrations.md,6893c932546df1ee5cf0557ec43624ccde24226ea4828491a5f7f9e77c28be5c,stock,2026-03-30
references/business-financial-disclaimer.md,843cd4ae0ff178bb37f856cdf5b77dcc0ed179d49790bb8fce08e4c1c4c4b029,stock,2026-03-30
references/business-legal-disclaimer.md,84a960b0d82184b1be7b387de726e0cef63d6d276f790e662737f5bb8b51c8f6,stock,2026-03-30
references/business-track.md,e062c7fe0a6db4e67357c6b3fe4b5f5e925293c4c31d2434a635505ac40657c5,stock,2026-03-30
references/checkpoints.md,fd907035d0f6143b9eaa4f7f16ca7e9511afcb7e3a2517c5d605d8a51fb0ca84,stock,2026-03-30
references/color-systems.md,d33a0d7b3141527d823062d4118e312f07b6a43b30e962944294cea191c49cb1,stock,2026-03-30
references/composition-typography.md,931d2232bd92a434ca25990a4728ded68952b4dab5056e76694399237a84fb9d,stock,2026-03-30
references/consumer-electronics.md,1afae8705523647eec1a11c9f1f7e60a601eb91b0baf4a9eb96428b9642e3f17,stock,2026-03-30
references/continuation-format.md,499cd941466a72bbc2bc9f3587d64040094f086c3223459f7ff550090d840271,stock,2026-03-30
references/decimal-phase-calculation.md,3fac90d82a15c26391655d002f672f837ec1a845d1c751e5830122caae34572d,stock,2026-03-30
references/design-principles.md,f2bf58aaa829a2cac1808b39b118b9ed3da860e32b575c9b8aa12e5b8a64c8c5,stock,2026-03-30
references/desktop-hig.md,a38dc17ea6630344ac3b9b866c90916d0f6aba5ef5d67116db0cdc3773b30a31,stock,2026-03-30
references/enclosures.md,d504891f907584578b50916df7a1d6be586298bf752dc398c72d16afa125e112,stock,2026-03-30
references/experience-disclaimer.md,51c6cfc04a98ec769b0a6bcc8fda85ac72a4c91b65659df480db824b64ea0a82,stock,2026-03-30
references/experiment-boundaries.md,408f525add5a5f4a2a0216241f92f2e42d9ea063ff58692b2fe0e56c63f5ae7a,stock,2026-03-30
references/experiment-phase-type.md,a03f29e879e2cf42151caeb8e0ae8b7bde0ee47e44ded1343ef1839b085ba906,stock,2026-03-30
references/git-integration.md,a9c2078485df6188c5a3818085894bc298f8804a13b54471cf30f7fe0702983e,stock,2026-03-30
references/git-planning-commit.md,0ac0c4601831d6946b009266b66a12dec9f92f20605c7f23843028c7aae2feee,stock,2026-03-30
references/interaction-patterns.md,f5d52be2bfaded0243ffc48eca259550065bb305503d7990a1795710f456f9f8,stock,2026-03-30
references/ios-hig.md,9c26cc4d825391f715044d9bd7b1dc82c180ce27b013630dd39fcb84c0cb7d00,stock,2026-03-30
references/iot-embedded.md,b4ff7c31a9fc88e7a89902a09b00d271f82cdf2b38f9581742639bf0619cee03,stock,2026-03-30
references/launch-frameworks.md,d3acc438d23040194fc234db0ba7354b722c62f8c69ac1b3982bd5f35baf5064,stock,2026-03-30
references/mcp-integration.md,a72e38d7e44def08b19e95a727519480088ff58422a431c4f582c6acbd4982ad,stock,2026-03-30
references/model-profile-resolution.md,7b931a4461279b727f2aa8be1953446b1948996d3d2915ae9fb53f659d89677f,stock,2026-03-30
references/model-profiles.md,795fb76b8d6626d66b7199c21738e5f2d6395f867454d979f7a92248c42596f0,stock,2026-03-30
references/motion-design.md,7dd915a6fb45e046d354c790ead0711b9525dbb6667f5096d209757b4712883d,stock,2026-03-30
references/phase-argument-parsing.md,18afadaeae18d18e516a3816da4eec7b418ac33644e97d675cfbe6f2a0d3cd91,stock,2026-03-30
references/planning-config.md,e7a5066c5b6c72fa7dae40d7458c479fc5ee8e997213bcaa69b857e5bc5d92d8,stock,2026-03-30
references/quality-standards.md,a11b65445a73bd144652ed5e3c79679da036e1e11156b3cde201385637284b1b,stock,2026-03-30
references/questioning.md,a8c988cab05f4651f9b88b7e6217fc8569ba4748a795a47711ee8cf64b2c70b0,stock,2026-03-30
references/responsive-patterns.md,137278248e19c5208c09c211fa2c38c44cac7ed1734715ff61907a364a44eaab,stock,2026-03-30
references/skill-quality-rubric.md,b608121c7df77ebccd72e9f9eab095646cc91c6568479abf69c8b06811e05f9e,stock,2026-03-30
references/skill-style-guide.md,378d8f5a58adf238116eb48b1307ca4dde6fd94f1d618d730c430ba6eff5133e,stock,2026-03-30
references/strategy-frameworks.md,d0d0aa2c4849aa56656dbba827b2f361dabc653ee20db552f04fa9075337a973,stock,2026-03-30
references/tdd.md,edc637151a18d2521c538d91b2208ff478549ca2f2f2d4d6e64a7f2144589ed9,stock,2026-03-30
references/telemetry-protocol.md,4797bcf8684f11ea3e281c905a6883a6f9fc3b55e07978df5ce9e872da32b547,stock,2026-03-30
references/tooling-patterns.md,27342456e4fac4712663a7e14b691d7721929fc107086b1a8bfa9760964a49e0,stock,2026-03-30
references/typography.md,4768349b2fe81056ba4b0dd92fa051c265f706be083345bf626bf7a0fab9255a,stock,2026-03-30
references/ui-brand.md,7e85114db58dfae2fd54031cb29ff8250324acffd4566bf63df50cd3fdac1511,stock,2026-03-30
references/verification-patterns.md,2f48987cb613ae31ba7d4fe5b99e1e05a73b140c00ef14f8395773d49b282b45,stock,2026-03-30
references/wcag-baseline.md,5758700ea54043cb3086707f395b312fe1cfe6636afe75f12d9892a676f31bc0,stock,2026-03-30
references/wearables.md,6716021971d8a93b649c19a4b4723f9be2c467864e279f175678388ec57881f1,stock,2026-03-30
references/web-modern-css.md,d45daa4f06d71966ec2e1bbc2914a9190a4e79306b1eb00ce94dce27c4ee6c4e,stock,2026-03-30
references/workflow-methodology.md,e7386931cd9c0601da3702242067100016a522cd87da593bae695310451d84c8,stock,2026-03-30
skill-registry.md,fbf138ba720edfc1fab401c6028236654ee95cf114cab09ef5e739ec0d6fce3d,stock,2026-03-30
templates/DEBUG.md,e371f6e1fee557d1cea1aeebcf0e3f772909f50df54a41ccf78af5fe69599570,stock,2026-03-30
templates/UAT.md,1e4c2aa3d7f626525c75e0c35fbbd3ae7827b2b73d3c922748d0390964b1b9ac,stock,2026-03-30
templates/UI-SPEC.md,9baa9febd5f3a99fd0c72d05f9482a750cf12a8a2ed8c148d0ac326e9a80ca36,stock,2026-03-30
templates/VALIDATION.md,7da281e64ccd7f73889368db8692405acf86557b8b82c6ed89867108792ee18d,stock,2026-03-30
templates/brief-seed.md,9e077b5f4eb60d4e0dddac0c557ed1a8c462c75f7fdcc8bf02bcb792f4dee2d3,stock,2026-03-30
templates/competitive-landscape.md,856b5775abc6610545e2a12595c997243eac4ff33d47ecaed4c259a9a64069d9,stock,2026-03-30
templates/context.md,8ed33077755169b211943e2fcbc3488ca6840135d163f22c23ffcad5d05e7bb9,stock,2026-03-30
templates/continue-here.md,f522a51b6895fba838c7a9c60408c5a09472466bdf2837f8974330937e682932,stock,2026-03-30
templates/copilot-instructions.md,b43da4ea815008c1a0302aea6ee0758038ab57254fb3b0dedc8513fafe7c9710,stock,2026-03-30
templates/critique-report.md,2c20e459d8a99f9d2abf7051f711a13e6c4f002942b13a69e22b77e1f3068d47,stock,2026-03-30
templates/debug-subagent-prompt.md,a9b7669801b03284e93d9dab1219893fb692aaea5e28f4ef8bad8c91436e5211,stock,2026-03-30
templates/design-brief.md,2bbad29e34fc9b9e43671309a158ab15bd34262e9c4b22ed3662a125ba81d5e8,stock,2026-03-30
templates/design-milestone.md,cfe3082ad6a32b4f3ab8174d2b4b117ac4dd40990dc372822665699d94782c5c,stock,2026-03-30
templates/design-state-domain.md,a01231cf3a9dc5f9ff2de7547776b3c758deffa1ff809e3e8a810269940a8a4b,stock,2026-03-30
templates/design-state-root.md,47c448d6e0d34b42a0e8b3b5c5f4da83ea0b0ae8e2f8333af879fc54318fae6c,stock,2026-03-30
templates/design-state.md,267bc7cea08e6e5eb98cc6298968b054a2ff0b2b5f31e1026cf851614ba546dc,stock,2026-03-30
templates/design-system.md,bd4a6348c4e4c7b6991015e7a8390b5324f2571e1b63ff490fa7364600ca4a00,stock,2026-03-30
templates/discovery.md,2822a2f67e5903c24316cb66ea6734f81365dd5f169df121ef9a3ff086ef0213,stock,2026-03-30
templates/experiment.md,4bc661fe6dcfbcdfa45593087294a7a026b21afd31c53e8878be01a2ed6acdba,stock,2026-03-30
templates/exploration-log.md,357c587cb96dbc64777cbc0aa227a18ddcbf354e2863b1c551fd1684204b7766,stock,2026-03-30
templates/exploration-summary.md,b5040592fdffd0d92ab98dec6d8dffd3e9a61f78afb06a295cfc913c943fb0b8,stock,2026-03-30
templates/handoff-narrative.md,7b8e0ca85448f4367849b7818c453f7f126f13b34bcb775efaab35efafe662eb,stock,2026-03-30
templates/handoff-spec.md,75790802182297b5ae84cbe98221e18780dbfa9004cad634a2bee203d45ca726,stock,2026-03-30
templates/hardware-spec.md,f537e177af0abefca4e769a5eb8f00d1753be9f2683158e59a47ec0fe73cfe59,stock,2026-03-30
templates/hig-audit.md,8461d1e0e0df42a278ca9c5100f0489501a0755003073c40c3837aef6e64cd3d,stock,2026-03-30
templates/milestone-archive.md,591b6decdc0c0e51fba1359ed015ed140b33d50a9dcf9c0dbe149d605e3e5f54,stock,2026-03-30
templates/milestone.md,74d2f750ae9f4a9c18feec3708d8f414c5b15148b22eb7da554dc2da87587711,stock,2026-03-30
templates/mockup-spec.md,b052aa3c9f30b2f5578a5ae14eb96204040866360b93b582976c30c36616ab2c,stock,2026-03-30
templates/opportunity-evaluation.md,b0a847b2f912d54569222ef3ab227f393da2093f875c1492afd5335f10e2c0de,stock,2026-03-30
templates/perspective.md,c85eb5d3dd8031085a4fd247b170159b66ac957438bcd6bd468407353a3ee383,stock,2026-03-30
templates/phase-prompt.md,cb1610ca46c6a4d8417316b52c995e23b4eff06d2b5fb2ef119109e99eefd841,stock,2026-03-30
templates/pipeline-state.md,e630c6cb188ebda68571db30f1970782f022610a816824807f4c7c010ce6d770,stock,2026-03-30
templates/planner-subagent-prompt.md,1dc56109ace86fdadcd4e9276f5735d092d1abadc2ebba52d15f32775b4f48b2,stock,2026-03-30
templates/project.md,38e39f881265198b7854c060665efd18d0c9f6883bc8fa94dde0c3aad14083b4,stock,2026-03-30
templates/recommendations.md,397e55bdf8c10ea1d0c4642cdf5bc5b05b5edefb1a23bfa0d8e9647034b13e71,stock,2026-03-30
templates/requirements.md,a44de4c2f146e473265777500951b12642553606b613168001ed2577d9e968d4,stock,2026-03-30
templates/research-validation.md,e693eba6f1d77368c6194d3ff1a79cb1a2e086e3cfc1aae267bcb80a08557c74,stock,2026-03-30
templates/research.md,17c43d8a850e6e37f496138fddeffd45ecf77a69899c92be3e84a5310ddd0a7f,stock,2026-03-30
templates/retrospective.md,03981e30dd760103c1ea91d31ad24810feb082a388b4231d3a03a2c8ca386c5d,stock,2026-03-30
templates/roadmap.md,e4e35a9eb5dd4d4f2b4aed28ca6896c5bf4d652ad565f698325a56a7e840694f,stock,2026-03-30
templates/sources-view.md,a8c43655d70394f584cff898c400781d88a165c148a961e0345c7d0361fdf484,stock,2026-03-30
templates/state.md,ee71b4221b8c083c4c5a12b3329a413f120d92b1e7eb1c34f96c49f86fa8c91e,stock,2026-03-30
templates/summary-complex.md,701a6fc1b579a235c05485a54ef706bf4c476bc4ba638e8037c796c3db63879a,stock,2026-03-30
templates/summary-minimal.md,a8747e6ad3369c35d343590f9e47f2bd40f07512980d24846507f6071a11a867,stock,2026-03-30
templates/summary-standard.md,eb10820947a63bcc4725a6b3e5a5f03b26a2d7150ff530579fb7a06458dad8c1,stock,2026-03-30
templates/summary.md,c97af103d3354c78879d3496f12900e707edd0446bbd2eadfeadc386d4afa24c,stock,2026-03-30
templates/user-flow.md,8997974a4c5fb4063c63a7dfc0d412e44c24cc295a2b36d5c1a4d9487618d915,stock,2026-03-30
templates/user-setup.md,78b7d718b6e8d67c399aaa353ec84b4dcbd4ae5fb096476740f02b208df50c8f,stock,2026-03-30
templates/verification-report.md,df40f0c2f7dc0d35aec7b8023822541df4e072a368d2de99ba3382f93c0cd232,stock,2026-03-30
templates/wireframe-spec.md,a4346109544c469e74c74059266b3b458931b8ee3ee33a7b4b954fed5aa4d040,stock,2026-03-30
workflows/add-phase.md,b225bcc2e51eab4856ed376c74d13368993d28a754bf5967da3649d4dd6ac29c,stock,2026-03-30
workflows/add-tests.md,2935070dc31ffd383bed60e9545abd75422357d79359fba1faefa9338f02b71d,stock,2026-03-30
workflows/add-todo.md,f5b0a561a30cf9e8dcadfef5e973b2b132ff7d493f407c2b2626d555435d23f0,stock,2026-03-30
workflows/analyst-interview.md,ca05d7dd770d5a9d9a34be9824bc37d2717b4dcb1a910450062d271ee7faff5a,stock,2026-03-30
workflows/audit-milestone.md,77e814fb51bb72c29e9f8b8930227687149f6bca36c42874b450a28f1c52e03c,stock,2026-03-30
workflows/audit-uat.md,f95d7b4109b93295559dc6ced6c018ac97df30e359800df5f69f650d53e60358,stock,2026-03-30
workflows/audit.md,0ad238b22973eba03d75870a7513b4088b2ee8f46015501b5a3a292b88e93a0a,stock,2026-03-30
workflows/autonomous.md,69748f106d0fb0b07d8165fc96d4ee4e98d40a5c4923f511a8b96a7fbe1b3eb7,stock,2026-03-30
workflows/brief-from-github.md,75f4faf633f15a83f89ec056e00cd1f59285db8a8f9f5f4aac3f723783bb8551,stock,2026-03-30
workflows/brief.md,eeb3c1c65a33ece75a2ec5e39b8959f56cf8aa287b5b186b640d816968ef7d87,stock,2026-03-30
workflows/build.md,d92cd5e46ed25bad614d8d344cb25199888e60f33caf3eb464d8b12f6b87ce3a,stock,2026-03-30
workflows/check-divergence.md,4a7702445ca750c36c4c889add051c11eef6e0d670c062033bd8b32f297e1d1b,stock,2026-03-30
workflows/check-readiness.md,441d48f049aa812641baa763be06019cc390b13a0b355bae15d67706cf38c982,stock,2026-03-30
workflows/check-todos.md,8168e5680aa837d287c6a9e3962d18fbc6f796e853fb0ebece11e29797e21249,stock,2026-03-30
workflows/cleanup.md,b2137bd37d2617e76dc9891800bcd073d6dbe598184b1d4543333611399ed211,stock,2026-03-30
workflows/competitive.md,321976847d4a75a020263fc4dd6355787524f1701acf149a3ad346e191bbd9cc,stock,2026-03-30
workflows/complete-milestone.md,9be97bcac6cfb55255c9863ad9b06bc0d34209ae4db5b7312299bb4c2c492eeb,stock,2026-03-30
workflows/connect.md,2a17f72b116857c4967cd3a11cd1f9b6f2a2f1d05c46014fc63ff1d3e5c08ac0,stock,2026-03-30
workflows/critique-pencil-screenshot.md,effd8f5608d794357cb09482c2d9b11ec348163c1aec9b7f46ed7941a4445a4c,stock,2026-03-30
workflows/critique.md,2c11479f309e8e189cfb1bbb88994e0bdc41e694ddda60f5ef269906d45ea2d6,stock,2026-03-30
workflows/deploy.md,55b38644b4f6a974393b4813306110803bb50bb07e0cfdee0ccd6b835780b6f2,stock,2026-03-30
workflows/diagnose-issues.md,b447c70675c60beb59ab83aca924958b3fd860fd4800cae40717d9accb08bc57,stock,2026-03-30
workflows/discovery-phase.md,ae1ce5a93993055df8005b430196246b1e13ee410311c6a09dc2a41ff157cb30,stock,2026-03-30
workflows/discuss-phase-assumptions.md,a350eca53aa8a1757aaec8a8913c71fbe4fb01f5e4022c66ab9f7f72f85a2d39,stock,2026-03-30
workflows/discuss-phase.md,b7b3efeac9c6535c9daf9ea2a5956f1cc16d8281d3e3cbc12e551e2e35436679,stock,2026-03-30
workflows/do.md,ac9185bed658d3b88079760e4416f63efdae36114b2c391b8ff42b1b3827f8c5,stock,2026-03-30
workflows/editor-sync.md,b811bd1f002d6a7d666dad3b2fead6ca1c8bee21cc0a8c7e04800e850ea9a2d5,stock,2026-03-30
workflows/execute-phase.md,106415e3c935fc375fe43d990d20a41a07c62925b3a20ab03e65c5360f7f6a71,stock,2026-03-30
workflows/execute-plan.md,a3f877829caa0012806670c1d4274c7ce9e7523a4698223a2d1f6cea949eddc1,stock,2026-03-30
workflows/fast.md,27bb4230af72cb1412a5ab1ed40f386728673a23858bd15ae20de034f3edf229,stock,2026-03-30
workflows/flows.md,c158b0a8720766049032ccc15e5fd4b03297538ca331f7dbbae3eba5fa9053be,stock,2026-03-30
workflows/forensics.md,f305c07cdb7215b5a66cb25dd87852c3ed8f5e1644b0ef817c633fac59ef1cd4,stock,2026-03-30
workflows/handoff-create-jira-tickets.md,c979939d4904566d07f63db7783b255d7d4ee725a47c1d040f93d8231c2b0f86,stock,2026-03-30
workflows/handoff-create-linear-issues.md,2852aee8d143133b32e58b4b6654f4dd91820a6b30a89d41c9af5a07cdda73d1,stock,2026-03-30
workflows/handoff-create-prs.md,75e8cf7a9e8ab374093e17f16d0f87e4225f9f7ff6abd14679906bc8f50e589d,stock,2026-03-30
workflows/handoff-figma-codeConnect.md,806199102124f54f681057d12c29fdf10527179d95517c6c68dc6bd38fe16b86,stock,2026-03-30
workflows/handoff.md,27f06e1cc0829de4b1b7568f4bb07b4566d15c6fbce1ecc8eaef218dc7d57d1c,stock,2026-03-30
workflows/health.md,4d41f64d51eed2cb55c2d0436f5e94ececc089bc5d982d8f2a860324b8d951a3,stock,2026-03-30
workflows/help.md,2a56324549b5e2ce17cccb2131d1d7129e065f37e5aae9311e14e85599947bc7,stock,2026-03-30
workflows/hig.md,b7bb426bf50a687588cc009eddd72da42021eb8715c7f30ac565729819025bb7,stock,2026-03-30
workflows/ideate.md,051090cf3a5ca222c665310dc04dd09055bbaa476aab936db9529aad3e037406,stock,2026-03-30
workflows/improve.md,dc82e1ef7979581ae77f8a9553350575ec778fe35832bfdb1e299e23ad6474bd,stock,2026-03-30
workflows/insert-phase.md,e5a39072432205dcd08f97146b3eaace17642f253fad0f451b9acc372ef8449a,stock,2026-03-30
workflows/iterate.md,9b02715ae4f8e49be0f00b3247ed6ed907594ce0111fe3a38b5b1687d30edfce,stock,2026-03-30
workflows/list-phase-assumptions.md,f0e5a724ae1eb8bca8bdbdcfaa19b0253eaf300618b8e8c9ec8a6db0d1e4401b,stock,2026-03-30
workflows/list-workspaces.md,b9b5f6d403a7471d2c3130bebe60d71238ae636690dd227fce45d52e6da03a3c,stock,2026-03-30
workflows/manager.md,13f43705d5b094f30b845062e4fbf43e7625a4f0d081d5ee1e9fff465dfd9427,stock,2026-03-30
workflows/map-codebase.md,3dd2d1cfb5452aefd3e00c3fa272b5c053a51eaa459d2d0cac6f7815158a150f,stock,2026-03-30
workflows/mcp-status.md,82f60edd97994222b6ea12b97dd4049572b74d46f4f2d3da1602a74c168e4459,stock,2026-03-30
workflows/milestone-summary.md,4cc47ee9cc9c8f2dec469223f9a729ea6fdc0fe5468830a7a0b38de2a65654f9,stock,2026-03-30
workflows/mockup-export-figma.md,dc61cbe03b71bae402211c04209931227c3b251b5c372cfdbf1a0dae8bf0210d,stock,2026-03-30
workflows/mockup.md,5b9aa604eba69bc8ad74a46c6968f98f76101f46fd985d1e2e792fdcd4c25e1a,stock,2026-03-30
workflows/monitor.md,c5c8e1560e5096e883960ad55fee57e9e6b29b955d5489f6c67368a316af8d49,stock,2026-03-30
workflows/new-milestone.md,d6241033af7bc14495d8f055f3e39f207f2a56e03a7f6f826448e00c8d14a0c2,stock,2026-03-30
workflows/new-project.md,e6664e081f0fce1696555bd872bb3d9fee57b9301522f85ff0676cdb89f628a3,stock,2026-03-30
workflows/new-workspace.md,71f01bfed81d443b91b3e69e975f1de9f98e0e382c6172fbbccaca314334cc2d,stock,2026-03-30
workflows/next.md,4f9eb77ab4af11c740965dc2d4f783da3624ed454ea2fd7f88321af81673f6ef,stock,2026-03-30
workflows/node-repair.md,07a1628e5a1ff96bf8a90b49a9d9c3a0ef0b843aff79ffc0162c7b7026f6a61b,stock,2026-03-30
workflows/note.md,0d46ebea386394e6848595a925abf09e2d1dbf4f293dcfa52b8183d363ebcfc2,stock,2026-03-30
workflows/opportunity.md,72a0ce8257d1caf4a3faf5e31aa434cacb4ebd807902a95b478ad68afe80d0be,stock,2026-03-30
workflows/optimize.md,2aa6713db94005fc326508d886bddd57a7282e43333e3f3b05f8f787203ec41d,stock,2026-03-30
workflows/pause-work.md,163c4cb9569b3add9c47768a8dac1b1330e42cc227573e1afd0453390e9ea851,stock,2026-03-30
workflows/pipeline-status.md,136ee7b55904855c703d4e5a3928f95e7de4048c0e8610703bf7303cf988e02d,stock,2026-03-30
workflows/plan-milestone-gaps.md,13c0ee6f68c7079681e201d07f188284645512e5b17301b2d2cfff2e57a20b34,stock,2026-03-30
workflows/plan-phase.md,98cb8baae48a562964a08ad061059f83b4ad92fc2e9d51170f5e351d7a098b1b,stock,2026-03-30
workflows/plant-seed.md,490f3eccfa12968c47dc4fd5731e3580e75f11b2903ad7637bcd49ec956780d4,stock,2026-03-30
workflows/pr-branch.md,8080c1c1d873eb8eb64adefdec4aded8a917ec787467431bc6c8dfe96fe2e60d,stock,2026-03-30
workflows/present.md,b177f2c2c029fec05e5696d414ff0e27e04f6d161472821b93078238c558e3e1,stock,2026-03-30
workflows/pressure-test.md,3f4fdd9c881e29f3d40b2def62b0afb2d86ed31fe32d7eedfc6f7773a1c225dd,stock,2026-03-30
workflows/profile-user.md,b4ed69bd5c23420eac0ebfdfd211dd56884e555641c02f5cf153f2cc3c5cbbbd,stock,2026-03-30
workflows/progress.md,4a93b9e9215f003e8028894ea8ed9516e0748e5bd3d20a8b361ba243955c1e07,stock,2026-03-30
workflows/quick.md,a3df95222e40871674de19cc91ce296b6b82c1c9f6cb4d2b826493707221ed97,stock,2026-03-30
workflows/recommend.md,a709ec35552a964c037cf0217b3fccd1b73a9a0b92409f4940863327f6c1bc4c,stock,2026-03-30
workflows/reconcile-phase.md,246c2348573b83c0ba6ec80c4fdb19a2406ca099c1a635b0ced30861236ec572,stock,2026-03-30
workflows/remove-phase.md,6d29d4888cce0f7185b458ad1b8c61b3474e41cb659317244ff6c5c520e9c00a,stock,2026-03-30
workflows/remove-workspace.md,143bb0203a5bdc17162030cafa507e3364b08523d0297b7856f860a2d5108b5c,stock,2026-03-30
workflows/research-phase.md,275790a816db39e0f5eb64c2bc9469b1df1ddc5887e605ef7dcf031e03a4bb86,stock,2026-03-30
workflows/resume-project.md,2ec7a2be6867bd7ef5e8c8a6a790647b5b4b6df34701cdbe822e5ceb4ceb06e7,stock,2026-03-30
workflows/review.md,a4bc06a3b91f9b4743bdd261a0b0135ef895ca8c4fb5bc45122a46db62afe171,stock,2026-03-30
workflows/session-report.md,164bd20a0d00a684ac0fe8fe9e243455b282dc906cf502fb5058cd2c1bc895e5,stock,2026-03-30
workflows/sessions.md,2a3f355aa5fa1c74639ec6c92a70b14ce0eec2db2445541fbcfc59fcba974bd2,stock,2026-03-30
workflows/set-profile.md,8948b870c22e632ce9991abe446bdc4a552e6302582ddda05559e4a0dccecb83,stock,2026-03-30
workflows/settings.md,dabfefec9647440e65cc09e19635ea72d201ffe53b73ac168a58808fe3a62d1e,stock,2026-03-30
workflows/ship.md,415f0c6ffbba1860792f912cae950433b8e7fd611662b597804edc9c5f40166a,stock,2026-03-30
workflows/stats.md,c55d01627d58872046c4827f91291fe1fdfe79d94e39e5a71baf2c9a59cb8872,stock,2026-03-30
workflows/sync-figma.md,f2885929ff603ba7d0bf53097d9cf64285fe886edcad839a6c36f6f50e8c421e,stock,2026-03-30
workflows/sync-github.md,a2f3db207fd230f3cc3b2739e8a844d1371caf7fd143f91156ffd98f9f45c4d5,stock,2026-03-30
workflows/sync-jira.md,db901d00a5c495f94e5b394ea6f820538194a1e21f0520aedbcbf90b6c2dd471,stock,2026-03-30
workflows/sync-linear.md,805c605f0d9a8277ac8dd38d23227d54004c37855d3e8c8e0839e469ea7e8635,stock,2026-03-30
workflows/sync-pencil.md,09b2bab2f101219e566007c69c87296b63c0858d77d498049a7126e1d8044c78,stock,2026-03-30
workflows/system.md,7d8c1749187c03630bc5ef616e030ca60a1c9336b79093f19cab19d38505e82b,stock,2026-03-30
workflows/transition.md,0bcd95fb08a52b4692beda101ab430d107852a04f805002b92a6aaaf30b555a6,stock,2026-03-30
workflows/ui-phase.md,40d4da6912e5351e245f134935788736c2fc4acc4db48e52bb2c3845d35003ed,stock,2026-03-30
workflows/ui-review.md,872dffe0d69d1a7e1dc28b9b6b7bdc832996692200c12ffdb3f3793915bd7fe1,stock,2026-03-30
workflows/update.md,d5ada8bfa32f1d7aea6ad9daf2c35e7eee9d4b07e4e6f67d1a426321d1a91a54,stock,2026-03-30
workflows/validate-phase.md,7c4df5b0de99e846db7f59d72252172777898e482b891a53d249bf16318075c2,stock,2026-03-30
workflows/verify-phase.md,57ac43f890f7caf5480b1e6ba424ab03e5648a392ce5c07de7437264d698c022,stock,2026-03-30
workflows/verify-work.md,32b56b188f388b89c4c7dd623e67cc65002ab36dcfc55e4cdc54ea8dec30d6d7,stock,2026-03-30
workflows/wireframe-figma-context.md,d601bbaf858983aa120f81b241203e5d86c24efc344bc9dd4c7e15910b538f65,stock,2026-03-30
workflows/wireframe.md,f81fea30f1b85f8881723e0615e536a570be42814492110a5b5d34c6bf6df2f2,stock,2026-03-30
